"MAP_ID"	"PNV_NAME"	"PNV_CODE"	"CELL_COUNT"
1	"Afroalpine vegetation"	" A"	17023
2	"Afromontane desert"	" Ad"	16034
3	"Afromontane bamboo"	" B"	5243
4	"Somalia-Masai Acacia-Commiphora deciduous bushland and thicket"	" Bd"	10786314
6	"Catena of Somalia-Masai Acacia-Commiphora deciduous bushland and thicket + edaphic grassland on drainage-impeded or seasonally flooded soils"	" Bd/g"	358116
8	"Acacia-Commiphora stunted bushland"	" Bds"	13902
10	"Evergreen and semi-evergreen bushland and thicket"	" Be"	2299038
13	"Mosaic of Evergreen and semi-evergreen bushland and thicket (Be) and upland Acacia wooded grassland (We)"	" Be/We"	161
15	"Coastal mosaic"	" CM"	7951571
17	"Montane Ericaceous belt"	" E"	56238
19	"Afromontane rain forest"	" Fa"	54539
20	"Afromontane rain forest + Afromontane undifferentiated forest"	" Fa/Fb"	1354832
21	"Afromontane undifferentiated forest"	" Fb"	671972
27	"Lake Victoria transitional rain forest"	" Ff"	359
28	"Zanzibar-Inhambane transitional rain forest"	" Fg"	191344
29	"Afromontane dry transitional forest"	" Fh"	198343
30	"Lake Victoria drier peripheral semi-evergreen Guineo-Congolian rain forest"	" Fi"	659028
33	"Zanzibar-Inhambane lowland rain forest"	" Fo"	196862
34	"Zanzibar-Inhambane lowland rainforest with swamp forest"	" Fo/fs"	35832
37	"Mosaic of montane grassland and afromontane forest"	" Gm/F"	1653623
39	"Mangrove"	" M"	126904
41	"Riverine wooded vegetation"	" R"	3202
46	"Dry combretum wooded grassland"	" Wcd"	111
49	"Moist Combretum wooded grassland"	" Wcm"	4954
50	"Acacia-Commiphora deciduous wooded grassland"	" Wd"	4337366
51	"Acacia-Commiphora deciduous wooded grassland + Combretum wooded grassland"	" Wd/Wc"	6254658
53	"Upland Acacia wooded grassland"	" We"	265331
57	"Drier miombo woodland"	" Wmd"	24377689
58	"Transitional zone of drier miombo woodland/Somalia-Masai Acacia-Commiphora deciduous bushland and thicket"	" Wmd/Bd"	2014308
59	"Transitional zone of drier miombo woodland + North Zambezian Undifferentiated woodland"	" Wmd/Wn"	1526887
60	"Miombo woodland on hills and rocky outcrops "	" Wmr"	3010
63	"Wetter miombo woodland"	" Wmw"	12527816
64	"Mosaic of Wetter miombo woodland and Riverine wooded vegetation"	" Wmw/R"	922
65	"North Zambezian undifferentiated woodland"	" Wn"	1098572
67	"Catena of North Zambezian Undifferentiated woodland + edaphic grassland on drainage-impeded or seasonally flooded soils"	" Wn/g"	14957514
73	"Freshwater swamp"	" X"	1645831
75	"Itigi thicket"	" bi"	603023
78	"Swamp forest"	" fs"	37359
79	"Swamp forest or riverine wooded vegetation"	" fs/R"	18919
81	"Edaphic grassland on drainage-impeded or seasonally flooded soils"	" g"	3702548
85	"Edaphic grassland on drainage-impeded or seasonally flooded soils + freshwater swamp"	" g/X"	202448
86	"Edaphic grassland on volcanic soils"	" gv"	1762568
88	"Water bodies"	" w"	5556475
89	"Edaphic wooded grassland on drainage-impeded or seasonally flooded soils"	" wd"	2486808
92	"Halophytic vegetation"	" Z"	188676
93	"lakes with Halophytic shoreline vegetation"	" Zw"	575050
